Fecha,Plazo,Monto Asignado,Tasa de Rendimiento
02/09/1982,28,,53.32
07/10/1982,28,,40.18
14/10/1982,28,,35.07
21/10/1982,28,,33.43
04/11/1982,28,,37.42
11/11/1982,28,,40.54
09/12/1982,28,,45.75
16/12/1982,28,,48.44
23/12/1982,28,,51.6
30/12/1982,28,,50.62
06/01/1983,28,,52.74
13/01/1983,28,,53.5
20/01/1983,28,,55.34
03/02/1983,28,,56.92
10/02/1983,28,,56.85
17/02/1983,28,,56.99
03/03/1983,27,,59.84
17/03/1983,28,,61.04
30/03/1983,29,,62.87
14/04/1983,28,,59.69
04/05/1983,29,,60.51
19/05/1983,28,,59.87
09/06/1983,28,,59.27
16/06/1983,28,,59.08
07/07/1983,28,,59.4
28/02/1985,28,,48.26
07/03/1985,27,,49.1
14/03/1985,28,,56.41
20/03/1985,29,,58.01
28/03/1985,28,,57.64
03/04/1985,29,,63.92
11/04/1985,28,,55.53
18/04/1985,28,,56.17
25/04/1985,28,,55.47
02/05/1985,28,,56.74
09/05/1985,28,,54.97
16/05/1985,28,,53.86
23/05/1985,28,,54.3
30/05/1985,28,,60.51
06/06/1985,28,,67.53
13/06/1985,28,,62.23
20/06/1985,28,,59.29
27/06/1985,28,,58.87
04/07/1985,28,,58.87
11/07/1985,28,,64.31
18/07/1985,28,,71.16
25/07/1985,28,,67.82
01/08/1985,28,,69.65
08/08/1985,28,,72.17
15/08/1985,28,,69.96
22/08/1985,28,,68.39
29/08/1985,28,,66.4
05/09/1985,28,,66.05
12/09/1985,28,,65.72
19/09/1985,28,,64.74
26/09/1985,28,,64.87
03/10/1985,28,,61.75
10/10/1985,28,,61.75
17/10/1985,28,,61.75
24/10/1985,28,,61.75
31/10/1985,28,,62.75
07/11/1985,28,,63.54
14/11/1985,27,,63.49
21/11/1985,28,,63.54
28/11/1985,28,,65.9
05/12/1985,28,,70.15
11/12/1985,29,,72.15
19/12/1985,28,,72.15
26/12/1985,28,,72.15
02/01/1986,28,,72.15
09/01/1986,28,,72.15
16/01/1986,28,,72.15
23/01/1986,28,,72.15
30/01/1986,28,,72.15
06/02/1986,28,,72.15
13/02/1986,28,,72.15
20/02/1986,28,,72.15
27/02/1986,27,,73.5
06/03/1986,28,,74.5
13/03/1986,28,,77.5
20/03/1986,28,,77.5
26/03/1986,29,,78.5
03/04/1986,27,,79.5
10/04/1986,28,,80.5
17/04/1986,28,,80.5
24/04/1986,28,,80.5
30/04/1986,29,,80.5
08/05/1986,28,,80.5
15/05/1986,28,,80.5
22/05/1986,28,,80.5
29/05/1986,28,,80.5
05/06/1986,28,,80.5
12/06/1986,28,,85.5
19/06/1986,28,,85.5
26/06/1986,28,,87
03/07/1986,28,,88
10/07/1986,28,,89
17/07/1986,28,,91.8
24/07/1986,28,,91.27
31/07/1986,28,,90.32
07/08/1986,28,,91.28
14/08/1986,28,,93.14
21/08/1986,28,,97.42
28/08/1986,28,,98.82
04/09/1986,28,,102.21
11/09/1986,28,,101.47
18/09/1986,28,,101
25/09/1986,28,,98.87
02/10/1986,28,,101.89
09/10/1986,28,,100.02
16/10/1986,28,,98.95
23/10/1986,27,,99.96
30/10/1986,28,,97.48
06/11/1986,28,,97.33
13/11/1986,28,,94.88
19/11/1986,29,,95.57
27/11/1986,27,,94.65
04/12/1986,29,,96.86
11/12/1986,28,,99.21
18/12/1986,28,,100.67
24/12/1986,29,,100.36
02/01/1987,27,,98.61
08/01/1987,27,,96.24
15/01/1987,28,,96.47
22/01/1987,28,,96.25
29/01/1987,28,,96.14
04/02/1987,29,,97.36
12/02/1987,28,,96.45
19/02/1987,28,,96.65
26/02/1987,28,,96.36
05/03/1987,28,,95.02
12/03/1987,28,,94.65
19/03/1987,27,,95.45
26/03/1987,28,,95.09
02/04/1987,28,,94.07
09/04/1987,28,,92.98
15/04/1987,29,,92.52
23/04/1987,28,,92.26
30/04/1987,28,,93.04
07/05/1987,28,,91.8
14/05/1987,28,,91.28
21/05/1987,28,,91.53
28/05/1987,28,,91.37
04/06/1987,28,,91.34
11/06/1987,28,,91.63
18/06/1987,28,,92
25/06/1987,28,,91.6
02/07/1987,28,,91.1
09/07/1987,28,,91.02
16/07/1987,28,,91.3
23/07/1987,28,,91.34
30/07/1987,28,,91.53
06/08/1987,28,,91.01
13/08/1987,28,,90.31
20/08/1987,28,,89.76
27/08/1987,28,,89.8
03/09/1987,28,,89.76
10/09/1987,28,,89.32
17/09/1987,28,,89.99
24/09/1987,28,,90.66
01/10/1987,28,,89.68
08/10/1987,28,,88.75
15/10/1987,28,,88.73
22/10/1987,28,,89.99
29/10/1987,28,,93.34
05/11/1987,28,,94.75
12/11/1987,28,,99.81
19/11/1987,28,,106.91
26/11/1987,28,,114.3
03/12/1987,27,,114.12
10/12/1987,28,,120.3
17/12/1987,28,,124.84
24/12/1987,28,,124.32
30/12/1987,29,,126.6
07/01/1988,28,,159.21
14/01/1988,28,,159.21
21/01/1988,28,,156.98
28/01/1988,28,,152.88
04/02/1988,28,,154.81
11/02/1988,28,,153.8
18/02/1988,28,,153.79
25/02/1988,28,,151.69
03/03/1988,27,,120.27
10/03/1988,28,,103.15
17/03/1988,28,,88.61
24/03/1988,28,,91.56
30/03/1988,29,,78.83
07/04/1988,27,,67.92
14/04/1988,28,,65.27
21/04/1988,28,,61.2
28/04/1988,28,,59.6
04/05/1988,29,,59.19
12/05/1988,28,,55.8
19/05/1988,28,,51.9
26/05/1988,28,,45.57
02/06/1988,28,,42.41
09/06/1988,28,,40.29
16/06/1988,28,,40.01
23/06/1988,28,,39.75
30/06/1988,28,,39.6
07/07/1988,28,,40.31
14/07/1988,28,,40.28
21/07/1988,28,,40.41
28/07/1988,28,,40.29
04/08/1988,28,,40.6
11/08/1988,28,,40.77
18/08/1988,28,,41.23
25/08/1988,28,,42.03
31/08/1988,29,,42.07
08/09/1988,28,,41.82
15/09/1988,28,,41.8
22/09/1988,28,,41.66
29/09/1988,28,,42.06
06/10/1988,28,,43.46
13/10/1988,28,,43.46
20/10/1988,28,,45.52
27/10/1988,28,,45.61
03/11/1988,27,,45.64
10/11/1988,28,,48.38
17/11/1988,28,,51.48
24/11/1988,28,,52.28
30/11/1988,29,,52.2
08/12/1988,28,,52.2
15/12/1988,28,,52.36
22/12/1988,28,,52.34
29/12/1988,28,,52.38
05/01/1989,28,,51.55
12/01/1989,28,,51.02
19/01/1989,28,,50.29
26/01/1989,28,,50.26
02/02/1989,28,,50.37
09/02/1989,28,,48.89
16/02/1989,28,,48.92
23/02/1989,27,,48.43
02/03/1989,28,,48.72
09/03/1989,28,,47.72
16/03/1989,28,,46.97
22/03/1989,29,,47.38
30/03/1989,28,,48.14
06/04/1989,28,,49.6
13/04/1989,28,,49.42
20/04/1989,28,,50.29
27/04/1989,28,,51.04
04/05/1989,28,,50.77
11/05/1989,28,,50.97
18/05/1989,28,,51.98
25/05/1989,28,,53.61
01/06/1989,28,,56.15
08/06/1989,28,,56.35
15/06/1989,28,,56.4
22/06/1989,28,,57.05
29/06/1989,28,,57.47
06/07/1989,28,,55.57
13/07/1989,28,,51.46
20/07/1989,28,,46.48
27/07/1989,28,,34.6
03/08/1989,28,,35.77
10/08/1989,28,,35.57
17/08/1989,28,,34.96
24/08/1989,28,,34.49
31/08/1989,28,,33.03
07/09/1989,28,,33.1
14/09/1989,27,,34.32
21/09/1989,28,,34.34
28/09/1989,28,,35.62
05/10/1989,29,,37.37
11/10/1989,29,,37.82
19/10/1989,28,,38.32
26/10/1989,28,,38.16
03/11/1989,27,,38.17
09/11/1989,28,,38.22
16/11/1989,28,,38.48
23/11/1989,28,,39.45
30/11/1989,28,,40.63
07/12/1989,28,,41.26
14/12/1989,28,,41.02
21/12/1989,28,,39.71
28/12/1989,28,,40.21
04/01/1990,28,,40.77
11/01/1990,28,,40.92
18/01/1990,28,,41.19
25/01/1990,28,,42.29
01/02/1990,28,,45.97
08/02/1990,28,,45.12
15/02/1990,28,,44.86
22/02/1990,28,,44.85
01/03/1990,28,,45.45
08/03/1990,28,,46.44
15/03/1990,27,,47.3
22/03/1990,28,,47.08
29/03/1990,28,,46.95
05/04/1990,28,,46.02
11/04/1990,29,,46.01
19/04/1990,28,,43.42
26/04/1990,28,,43.1
03/05/1990,28,,42.59
10/05/1990,28,,36.58
17/05/1990,28,,36.12
24/05/1990,28,,36.26
31/05/1990,28,,33.07
07/06/1990,28,,32.43
14/06/1990,28,,32.41
21/06/1990,28,,32.41
28/06/1990,28,,32.29
05/07/1990,28,,31.71
12/07/1990,28,,30.59
19/07/1990,28,,30.3
26/07/1990,28,,30.05
02/08/1990,28,,30.33
09/08/1990,28,,30.15
16/08/1990,28,,29.34
23/08/1990,28,,29.3
30/08/1990,28,,29.5
06/09/1990,28,,29.89
13/09/1990,28,,30.1
20/09/1990,28,,30.29
27/09/1990,28,,30.3
04/10/1990,27,,30.19
11/10/1990,28,,29.84
18/10/1990,28,,29.15
25/10/1990,28,,27.82
31/10/1990,29,,26.49
08/11/1990,28,,26.85
15/11/1990,28,,23.9
22/11/1990,28,,23.9
29/11/1990,28,,24.63
06/12/1990,28,,25.5
13/12/1990,28,,26.25
20/12/1990,28,,26.12
27/12/1990,28,,26.09
03/01/1991,28,,24.3
10/01/1991,28,,23.25
17/01/1991,28,,23.5
24/01/1991,28,,23.5
31/01/1991,28,,23.63
07/02/1991,28,,23.92
14/02/1991,28,,23.7
21/02/1991,27,,22.48
28/02/1991,27,,22.48
07/03/1991,28,,22.14
14/03/1991,28,,21.74
20/03/1991,29,,22.14
27/03/1991,29,,22.14
01/04/1991,28,,21.24
11/04/1991,28,,21.24
18/04/1991,28,,20.75
25/04/1991,28,,21.24
02/05/1991,28,,21.74
09/05/1991,28,,21.13
16/05/1991,28,,19.75
23/05/1991,28,,18.5
30/05/1991,28,,17.75
06/06/1991,28,,17.34
13/06/1991,28,,17.84
20/06/1991,28,,17.51
27/06/1991,28,,18.25
04/07/1991,28,,18.63
11/07/1991,28,,18.8
18/07/1991,28,,18.45
25/07/1991,28,,18
01/08/1991,28,,17.48
08/08/1991,28,,16.78
15/08/1991,28,,16.97
22/08/1991,28,,16.59
29/08/1991,28,,15.75
05/09/1991,28,,16.6
12/09/1991,28,,17.6
19/09/1991,28,,17.25
26/09/1991,28,,18.75
03/10/1991,28,,18.1
10/10/1991,28,,18
17/10/1991,28,,17.95
24/10/1991,28,,17.4
31/10/1991,28,,17.9
07/11/1991,28,,17.25
14/11/1991,27,,16.24
21/11/1991,28,,16.5
28/11/1991,28,,16.5
05/12/1991,28,,16.11
11/12/1991,29,,16.5
19/12/1991,28,,17
26/12/1991,28,,17
02/01/1992,28,,15.19
09/01/1992,28,,14.87
16/01/1992,28,,16
23/01/1992,28,,15
30/01/1992,28,,15.5
06/02/1992,28,,15.5
13/02/1992,28,,14.75
20/02/1992,28,,14.5
27/02/1992,28,,13.5
05/03/1992,28,,12.5
12/03/1992,28,,11
19/03/1992,27,,11.6
26/03/1992,28,,12.26
02/04/1992,28,,11.6
09/04/1992,28,,12.5
15/04/1992,29,,12.8
23/04/1992,28,,12.3
30/04/1992,28,,13
07/05/1992,28,,13.25
14/05/1992,28,,13.75
21/05/1992,28,,13.9
28/05/1992,28,,13.48
04/06/1992,28,,14.51
11/06/1992,28,,14.5
18/06/1992,28,,14.59
25/06/1992,28,,16.5
02/07/1992,28,,16.5
09/07/1992,28,,16.5
16/07/1992,28,,16.2
23/07/1992,28,,15.98
30/07/1992,28,,15.96
06/08/1992,28,,15.9
13/08/1992,28,,16.94
20/08/1992,28,,16.63
27/08/1992,28,,16.5
03/09/1992,28,,17.05
10/09/1992,28,,17.05
17/09/1992,28,,17.05
24/09/1992,28,,19
01/10/1992,28,,19.25
08/10/1992,28,,19.5
15/10/1992,28,,19.7
22/10/1992,28,,19.5
29/10/1992,28,,19
05/11/1992,28,,18.8
12/11/1992,28,,18.33
19/11/1992,28,,17.95
26/11/1992,28,,17.51
03/12/1992,27,,16.97
10/12/1992,28,,16.87
17/12/1992,28,,17
24/12/1992,28,,16.78
30/12/1992,29,,16.77
07/01/1993,28,,16.7
14/01/1993,28,,16.5
21/01/1993,28,,16.58
28/01/1993,28,,17.1
04/02/1993,28,,17.61
11/02/1993,28,,17.58
18/02/1993,28,,17.78
25/02/1993,28,,17.93
04/03/1993,28,,17.99
11/03/1993,27,,17.38
18/03/1993,28,,17.29
25/03/1993,28,,17.21
01/04/1993,28,,16.66
07/04/1993,29,,16.42
15/04/1993,28,,16.39
22/04/1993,28,,16.07
29/04/1993,28,,15.32
06/05/1993,28,,14.91
13/05/1993,28,,15.07
20/05/1993,28,,15.11
27/05/1993,28,,15.06
03/06/1993,28,,15.34
10/06/1993,28,,15.58
17/06/1993,28,,15.77
24/06/1993,28,,15.3
01/07/1993,28,,14.42
08/07/1993,28,,14.13
15/07/1993,28,,13.88
22/07/1993,28,,13.46
29/07/1993,28,,13.37
05/08/1993,28,,13.66
12/08/1993,28,,13.91
19/08/1993,27,,13.62
26/08/1993,28,,13.53
02/09/1993,28,,13.71
09/09/1993,28,,13.51
15/09/1993,29,,13.42
23/09/1993,28,,13.8
30/09/1993,28,,14.11
07/10/1993,28,,13.72
14/10/1993,28,,13.29
21/10/1993,28,,12.47
28/10/1993,28,,13.04
04/11/1993,28,,13.46
11/11/1993,28,,17.23
18/11/1993,28,,13.97
25/11/1993,28,,12.84
02/12/1993,28,,13.05
09/12/1993,28,,12.49
16/12/1993,28,,11.85
23/12/1993,28,,10.85
30/12/1993,28,,10.67
06/01/1994,28,,10.78
13/01/1994,28,,10.45
20/01/1994,28,,10.36
27/01/1994,28,,10.48
03/02/1994,28,,10.12
10/02/1994,28,,9.72
17/02/1994,28,,9.15
24/02/1994,28,,8.81
03/03/1994,27,,9.01
10/03/1994,28,,9.3
17/03/1994,28,,9.39
24/03/1994,28,,9.34
30/03/1994,29,,11.63
07/04/1994,27,,14.31
14/04/1994,28,,14.58
21/04/1994,28,,18
28/04/1994,28,,16.25
04/05/1994,29,,16.49
12/05/1994,28,,16.02
19/05/1994,28,,16.41
26/05/1994,28,,16.5
02/06/1994,28,,16.24
09/06/1994,28,,16.49
16/06/1994,28,,16.33
23/06/1994,28,,16
30/06/1994,28,,15.84
07/07/1994,28,,16.5
14/07/1994,28,,17.1
21/07/1994,28,,17.66
28/07/1994,28,,17
04/08/1994,28,,15.8
11/08/1994,28,,15.15
18/08/1994,28,,13.4
25/08/1994,28,,13.49
01/09/1994,28,,14
08/09/1994,28,,14.23
15/09/1994,28,,13.98
22/09/1994,28,,13.43
29/09/1994,28,,13.15
06/10/1994,28,,13.15
13/10/1994,28,,13.33
20/10/1994,28,,13.8
27/10/1994,28,,14.1
03/11/1994,27,,13.97
10/11/1994,28,,13.49
17/11/1994,28,,13.45
24/11/1994,28,,13.95
30/11/1994,29,,13.85
08/12/1994,28,,13.3
15/12/1994,28,,13.75
22/12/1994,28,,16
29/12/1994,28,,31
05/01/1995,28,,33
12/01/1995,28,,40
19/01/1995,28,,39
26/01/1995,28,,37.01
02/02/1995,28,,32.57
09/02/1995,28,,35.2
16/02/1995,28,,40
23/02/1995,28,,59
02/03/1995,28,,49.7
09/03/1995,28,,57.99
16/03/1995,27,,82.38
23/03/1995,28,,82.65
30/03/1995,28,,75
06/04/1995,28,,74.5
12/04/1995,29,,76.5
20/04/1995,28,,76.5
27/04/1995,28,,71.5
04/05/1995,28,,69.44
11/05/1995,28,,60.98
18/05/1995,28,,58.26
25/05/1995,28,,48
01/06/1995,28,,51.99
08/06/1995,28,,52.24
15/06/1995,28,,47
22/06/1995,28,,44.25
29/06/1995,28,,40.75
06/07/1995,28,,41.5
13/07/1995,28,,42.97
20/07/1995,28,,40.7
27/07/1995,28,,38.59
03/08/1995,28,,36.09
10/08/1995,28,,35.25
17/08/1995,28,,34.8
24/08/1995,28,,34.15
31/08/1995,28,,35.4
07/09/1995,28,,33.9
14/09/1995,27,,34
21/09/1995,28,,31.97
28/09/1995,28,,33.97
05/10/1995,27,,38
11/10/1995,29,,38.96
19/10/1995,28,,41.98
26/10/1995,28,,42.23
01/11/1995,29,,43.37
09/11/1995,28,,54.24
16/11/1995,28,,59.99
23/11/1995,28,,54.74
30/11/1995,28,,53.46
07/12/1995,28,,48.26
14/12/1995,28,,50.31
21/12/1995,28,,49.09
28/12/1995,28,,46.81
04/01/1996,28,1000,44.7
11/01/1996,28,1200,40.74
18/01/1996,28,1200,41.3
25/01/1996,28,1100,37.23
01/02/1996,28,1100,36.43
08/02/1996,28,1000,36.22
15/02/1996,28,1000,39.57
22/02/1996,27,1000,40.53
29/02/1996,28,1000,40.17
07/03/1996,27,900,42.27
14/03/1996,28,900,43.03
20/03/1996,29,800,41.55
28/03/1996,28,800,38.94
03/04/1996,29,800,36.99
11/04/1996,28,800,37.43
18/04/1996,28,850,34.55
25/04/1996,28,900,31.86
02/05/1996,28,900,31.61
09/05/1996,28,900,30.6
16/05/1996,28,900,28.31
23/05/1996,28,900,26.15
30/05/1996,28,900,25.58
06/06/1996,28,900,26.28
13/06/1996,28,900,28.98
20/06/1996,28,900,27.69
27/06/1996,28,900,28.29
04/07/1996,28,900,30.19
11/07/1996,28,900,31.99
18/07/1996,28,900,32.94
25/07/1996,28,900,29.89
01/08/1996,28,900,30.22
08/08/1996,28,900,26.97
15/08/1996,28,900,26.63
22/08/1996,28,900,24.33
29/08/1996,28,900,24.38
05/09/1996,28,900,25.47
12/09/1996,28,900,26.46
19/09/1996,28,900,23.38
26/09/1996,28,900,23.28
03/10/1996,28,900,23.06
10/10/1996,28,900,22.74
17/10/1996,28,900,25.9
24/10/1996,28,900,27.7
31/10/1996,28,900,29.34
07/11/1996,28,900,29.45
14/11/1996,27,900,29.89
21/11/1996,28,900,29.85
28/11/1996,28,900,29.08
05/12/1996,28,900,27.02
11/12/1996,29,900,27.29
19/12/1996,28,900,27.37
26/12/1996,28,900,27.25
02/01/1997,28,900,25.71
09/01/1997,28,900,24.24
16/01/1997,28,900,22.98
23/01/1997,28,900,22.93
30/01/1997,28,900,21.91
06/02/1997,28,900,21.45
13/02/1997,28,900,19.69
20/02/1997,28,800,19.46
27/02/1997,27,800,18.59
06/03/1997,28,800,21.16
13/03/1997,28,800,23.17
20/03/1997,28,800,21.7
26/03/1997,29,800,20.59
03/04/1997,27,800,21.86
10/04/1997,28,800,22.33
17/04/1997,28,800,22.61
24/04/1997,28,800,20.23
30/04/1997,28,800,19.71
08/05/1997,28,800,18.37
15/05/1997,28,800,18.91
22/05/1997,28,800,18.07
29/05/1997,28,800,18.31
05/06/1997,28,800,19.3
12/06/1997,28,800,20.43
19/06/1997,28,800,20.04
26/06/1997,28,800,20.9
03/07/1997,28,800,19.95
10/07/1997,28,800,18.37
17/07/1997,28,800,19.25
24/07/1997,28,800,18.72
31/07/1997,28,800,17.7
07/08/1997,28,800,18.35
14/08/1997,28,800,18.71
21/08/1997,28,800,19.07
28/08/1997,28,800,19.58
04/09/1997,28,800,17.52
11/09/1997,28,800,18.66
18/09/1997,28,800,18.97
25/09/1997,28,800,16.91
02/10/1997,28,800,16.65
09/10/1997,28,800,16.98
16/10/1997,28,800,17.78
23/10/1997,28,800,17.26
30/10/1997,28,800,20.94
06/11/1997,28,800,18.95
13/11/1997,28,800,21.17
19/11/1997,28,800,20.35
20/11/1997,,,
27/11/1997,28,800,20.18
04/12/1997,28,800,18.22
11/12/1997,28,800,19.33
18/12/1997,28,800,18.97
24/12/1997,28,800,18.97
31/12/1997,28,800,18.75
08/01/1998,28,800,18.4
15/01/1998,28,800,18.69
22/01/1998,28,800,17.37
29/01/1998,28,800,17.33
04/02/1998,28,800,17.37
12/02/1998,28,800,18.43
19/02/1998,28,800,19.08
26/02/1998,28,800,20.06
05/03/1998,28,800,18.95
12/03/1998,28,800,19.07
19/03/1998,28,800,21.52
26/03/1998,28,800,19.85
02/04/1998,28,800,19.7
08/04/1998,28,800,19.73
16/04/1998,28,800,19.5
23/04/1998,28,800,18.15
30/04/1998,28,800,18.08
07/05/1998,28,800,17.38
14/05/1998,28,800,17.41
21/05/1998,28,800,17.69
28/05/1998,28,800,19.15
04/06/1998,28,800,19.22
11/06/1998,28,800,19.13
18/06/1998,28,800,20.16
25/06/1998,28,800,19.5
02/07/1998,28,800,20.19
09/07/1998,28,800,20.31
16/07/1998,28,800,19.92
23/07/1998,28,800,19.99
30/07/1998,28,800,20.01
06/08/1998,28,800,19.89
13/08/1998,28,800,21.49
20/08/1998,28,800,22
27/08/1998,28,800,27.16
03/09/1998,,,
10/09/1998,28,2500,36.94
17/09/1998,28,3000,47.86
24/09/1998,28,2300,37.6
01/10/1998,28,2300,34.45
08/10/1998,28,2300,36.77
15/10/1998,28,2800,36.55
22/10/1998,28,2800,33.42
29/10/1998,28,2800,33.13
05/11/1998,28,2800,32.17
12/11/1998,28,2800,32
19/11/1998,28,2800,32.03
26/11/1998,28,2800,32.29
03/12/1998,28,2800,36.23
10/12/1998,28,2800,34.94
17/12/1998,28,2800,33.99
24/12/1998,28,2800,31.92
31/12/1998,28,2800,31.2
07/01/1999,28,2800,29.29
14/01/1999,28,2500,32.71
21/01/1999,28,2500,33.41
28/01/1999,28,2500,33.09
04/02/1999,28,2500,30.92
11/02/1999,28,2500,30.39
18/02/1999,28,2500,27
25/02/1999,28,2500,26.71
04/03/1999,28,2500,26.78
11/03/1999,28,2500,24.39
18/03/1999,28,2500,22.17
25/03/1999,28,2500,22.35
31/03/1999,28,2500,21.67
08/04/1999,28,2500,20.47
15/04/1999,28,2500,20.75
22/04/1999,28,2500,19.99
29/04/1999,28,2500,19.93
06/05/1999,28,2500,19.93
13/05/1999,28,2500,20.08
20/05/1999,28,2500,19.75
27/05/1999,28,2500,19.8
03/06/1999,28,2500,20.67
10/06/1999,28,2500,21.44
17/06/1999,28,2500,21.72
24/06/1999,28,2500,20.48
01/07/1999,28,2500,20.42
08/07/1999,28,3000,19.65
15/07/1999,28,3000,19.66
22/07/1999,28,3000,19.42
29/07/1999,28,3000,19.76
05/08/1999,28,3000,20.55
12/08/1999,28,3000,21.69
19/08/1999,27,3000,20.22
26/08/1999,28,3000,19.68
02/09/1999,28,3000,19.83
09/09/1999,28,3000,19.72
15/09/1999,29,3000,19.65
23/09/1999,28,3000,19.72
30/09/1999,28,3000,19.64
07/10/1999,28,3000,19.09
14/10/1999,28,3000,16.86
21/10/1999,28,3000,17.8
28/10/1999,28,3000,17.73
04/11/1999,28,3000,17.89
11/11/1999,28,3000,16.53
18/11/1999,28,3000,16.09
25/11/1999,28,3000,17.31
02/12/1999,28,3000,16.75
09/12/1999,28,3000,16.14
16/12/1999,28,3000,16.43
23/12/1999,28,3000,16.68
30/12/1999,28,3000,16.25
06/01/2000,28,3000,16.41
13/01/2000,28,3000,15.62
20/01/2000,28,3000,15.98
27/01/2000,28,3000,16.76
03/02/2000,28,3000,17
10/02/2000,28,3000,15.69
17/02/2000,28,3000,15.24
24/02/2000,28,3000,15.29
02/03/2000,28,3000,14.96
09/03/2000,28,3000,13.95
16/03/2000,28,3000,13.31
23/03/2000,27,3000,13.21
30/03/2000,28,3000,12.88
06/04/2000,28,3000,12.92
13/04/2000,28,3000,12.76
19/04/2000,29,3000,13.26
27/04/2000,28,3000,12.77
04/05/2000,28,3000,12.84
11/05/2000,28,3000,14.54
18/05/2000,28,3600,13.98
25/05/2000,28,3600,15.36
01/06/2000,28,3600,15.45
08/06/2000,28,3600,14.7
15/06/2000,28,3600,15.34
22/06/2000,28,3600,15.76
29/06/2000,28,3600,17.01
06/07/2000,28,4500,14.3
13/07/2000,28,4500,13.35
20/07/2000,28,4500,13.71
27/07/2000,28,4500,13.55
03/08/2000,28,4500,14.81
10/08/2000,28,4500,15.22
17/08/2000,28,4500,15.65
24/08/2000,28,4500,15.46
31/08/2000,28,4500,15.01
07/09/2000,28,4500,14.63
14/09/2000,28,4500,15.01
21/09/2000,28,4500,15.5
28/09/2000,28,4500,15.1
05/10/2000,27,4500,15.22
12/10/2000,28,4500,15.2
19/10/2000,28,4500,16.21
26/10/2000,28,4500,16.87
01/11/2000,29,4500,17.12
09/11/2000,28,4500,17.32
16/11/2000,28,4500,17.47
23/11/2000,28,4500,17.8
30/11/2000,28,4500,18.08
07/12/2000,28,4500,17.26
14/12/2000,28,4500,16.7
21/12/2000,28,4500,16.65
28/12/2000,28,4500,17.59
04/01/2001,28,4500,17.86
11/01/2001,28,4500,17.07
18/01/2001,28,4500,18.39
25/01/2001,28,4500,18.22
01/02/2001,28,4500,17.82
08/02/2001,28,4500,18.01
15/02/2001,28,4500,16.71
22/02/2001,28,4500,16.83
01/03/2001,28,4500,15.69
08/03/2001,28,4500,15.89
15/03/2001,27,4500,15.92
22/03/2001,28,4500,16.06
29/03/2001,28,4500,15.43
05/04/2001,28,4500,15.38
11/04/2001,29,4500,15.48
19/04/2001,28,4500,15.06
26/04/2001,28,4500,13.92
03/05/2001,28,4500,13.25
10/05/2001,28,4500,12.94
17/05/2001,28,4500,12.61
24/05/2001,28,4500,10.21
31/05/2001,28,4500,10.76
07/06/2001,28,4500,10.39
14/06/2001,28,4500,9.51
21/06/2001,28,4500,8.91
28/06/2001,28,4500,8.92
05/07/2001,28,4500,8.99
12/07/2001,28,4500,9.42
19/07/2001,28,4500,9.73
26/07/2001,28,4500,9.4
02/08/2001,28,4500,8.34
09/08/2001,28,4500,7.24
16/08/2001,28,4500,7.37
23/08/2001,28,4500,6.97
30/08/2001,28,4500,7.61
06/09/2001,28,4500,8.75
13/09/2001,28,4500,9.76
20/09/2001,28,4500,9.09
27/09/2001,28,4500,9.67
04/10/2001,28,4500,9.1
11/10/2001,28,4500,9.12
18/10/2001,28,4500,8.2
25/10/2001,28,4500,7.02
01/11/2001,28,4500,7.4
08/11/2001,28,4500,7.28
15/11/2001,28,4500,7.64
22/11/2001,28,4500,7.81
29/11/2001,28,4500,7
06/12/2001,28,4500,6.18
13/12/2001,28,4500,6.18
20/12/2001,28,4500,6.03
27/12/2001,28,4500,6.75
03/01/2002,28,4500,7.35
10/01/2002,28,4500,6.48
17/01/2002,28,4500,6.41
24/01/2002,28,4500,6.78
31/01/2002,28,4500,7.85
07/02/2002,28,4500,8.15
14/02/2002,28,4500,8.21
21/02/2002,27,4500,7.99
28/02/2002,27,4500,7.28
07/03/2002,28,4500,6.97
14/03/2002,28,4500,6.78
20/03/2002,29,4500,7.7
27/03/2002,29,4500,7.48
04/04/2002,28,4500,6.21
11/04/2002,28,4500,5.84
18/04/2002,28,4500,5.72
25/04/2002,28,4500,5.28
02/05/2002,28,4500,5.67
09/05/2002,28,4500,6.58
16/05/2002,28,4500,6.87
23/05/2002,28,4500,6.98
30/05/2002,28,4500,6.93
06/06/2002,28,4500,7
13/06/2002,28,4500,7.23
20/06/2002,28,4500,6.89
27/06/2002,28,4500,8.06
04/07/2002,28,4500,8.2
11/07/2002,28,4300,7.24
18/07/2002,28,4300,7.24
25/07/2002,28,4300,6.82
01/08/2002,28,4300,6.71
08/08/2002,28,4300,6.53
15/08/2002,28,4300,6.7
22/08/2002,28,4300,6.78
29/08/2002,28,4300,6.69
05/09/2002,28,4300,6.9
12/09/2002,28,4300,6.87
19/09/2002,28,4300,6.99
26/09/2002,28,4300,8.6
03/10/2002,28,4300,7.79
10/10/2002,28,4300,7.89
17/10/2002,28,4300,7.74
24/10/2002,28,4300,7.33
31/10/2002,28,4300,7.54
07/11/2002,28,4300,7.34
14/11/2002,27,4300,7.79
21/11/2002,28,4300,7.24
28/11/2002,28,4300,6.81
05/12/2002,28,4300,6.37
11/12/2002,28,4300,7.19
19/12/2002,28,4300,6.98
26/12/2002,28,4300,6.98
02/01/2003,28,4200,7.56
09/01/2003,28,4200,7.97
16/01/2003,28,4200,8.19
23/01/2003,28,4200,8.54
30/01/2003,28,4200,9.08
06/02/2003,28,4200,8.86
13/02/2003,28,4200,9.11
20/02/2003,28,4200,8.9
27/02/2003,28,4200,9.3
06/03/2003,28,4200,9.6
13/03/2003,28,4200,9.7
20/03/2003,28,4200,8.96
27/03/2003,28,4200,8.43
03/04/2003,27,4200,8.72
10/04/2003,28,4200,8.25
16/04/2003,29,4200,7.99
24/04/2003,28,4200,7.62
30/04/2003,29,4200,6.73
08/05/2003,28,4200,5.82
15/05/2003,28,4200,4.9
22/05/2003,28,4200,5.35
29/05/2003,28,4200,4.91
05/06/2003,28,4200,4.72
12/06/2003,28,4200,5.64
19/06/2003,28,4200,5.31
26/06/2003,28,4200,5.11
03/07/2003,28,4200,4.38
10/07/2003,28,4000,4.91
17/07/2003,28,4000,5.09
24/07/2003,28,4000,4.35
31/07/2003,28,4000,4.14
07/08/2003,28,4000,4.31
14/08/2003,28,4000,4.3
21/08/2003,28,4000,4.53
28/08/2003,28,4000,4.65
04/09/2003,28,4000,4.98
11/09/2003,28,4000,4.71
18/09/2003,28,4000,4.77
25/09/2003,28,4000,4.47
02/10/2003,28,4000,4.58
09/10/2003,28,4000,5.47
16/10/2003,28,4000,5.42
23/10/2003,27,4000,5.24
30/10/2003,28,4000,4.86
06/11/2003,28,4000,4.48
13/11/2003,28,4000,4.55
19/11/2003,29,4000,5.15
27/11/2003,27,4000,5.78
04/12/2003,27,4000,6.31
11/12/2003,28,4000,5.6
18/12/2003,28,4000,6.13
24/12/2003,29,4000,6.22
31/12/2003,29,4000,6.04
08/01/2004,27,4000,5.49
15/01/2004,28,4000,4.92
22/01/2004,28,4000,4.71
29/01/2004,28,4000,4.69
04/02/2004,29,4000,4.88
12/02/2004,28,4000,5.59
19/02/2004,28,4000,5.6
26/02/2004,28,4000,6.21
04/03/2004,28,4000,6.31
11/03/2004,27,4000,6
18/03/2004,28,4000,6.59
25/03/2004,28,4000,6.21
01/04/2004,28,4000,6.05
07/04/2004,29,4000,5.96
15/04/2004,28,4000,5.98
22/04/2004,28,4000,5.91
29/04/2004,28,4000,6
06/05/2004,28,4000,6.47
13/05/2004,28,4000,6.94
20/05/2004,28,4000,6.55
27/05/2004,28,4000,6.41
03/06/2004,28,4000,6.57
10/06/2004,28,4000,6.59
17/06/2004,28,4000,6.54
24/06/2004,28,4000,6.58
01/07/2004,28,4000,6.8
08/07/2004,28,4000,6.69
15/07/2004,28,4000,6.69
22/07/2004,28,4000,6.71
29/07/2004,28,4000,7.16
05/08/2004,28,4000,7.17
12/08/2004,28,4000,7.23
19/08/2004,27,4000,7.13
26/08/2004,28,4000,7.32
02/09/2004,28,4000,7.29
09/09/2004,28,4000,7.32
15/09/2004,29,4000,7.27
23/09/2004,28,4000,7.31
30/09/2004,28,4000,7.61
07/10/2004,28,4000,7.65
14/10/2004,28,4000,7.65
21/10/2004,28,4000,7.76
28/10/2004,28,4000,7.97
04/11/2004,28,4000,8.02
11/11/2004,28,4000,8.2
18/11/2004,28,4000,8.23
25/11/2004,28,4000,8.36
02/12/2004,28,4000,8.37
09/12/2004,28,4000,8.34
16/12/2004,28,4000,8.59
23/12/2004,28,4000,8.6
30/12/2004,28,4000,8.61
06/01/2005,28,4000,8.56
13/01/2005,28,4000,8.59
20/01/2005,28,4000,8.63
27/01/2005,28,4000,8.63
03/02/2005,28,4000,9.07
10/02/2005,28,4000,9.14
17/02/2005,28,4000,9.15
24/02/2005,27,4000,9.23
03/03/2005,28,4000,9.33
10/03/2005,28,4000,9.32
17/03/2005,28,4000,9.37
23/03/2005,29,4000,9.45
31/03/2005,28,4000,9.57
07/04/2005,28,4000,9.64
14/04/2005,28,4000,9.59
21/04/2005,28,4000,9.66
28/04/2005,28,4000,9.61
05/05/2005,28,4000,9.77
12/05/2005,28,4000,9.81
19/05/2005,28,4000,9.73
26/05/2005,28,4000,9.69
02/06/2005,28,4000,9.64
09/06/2005,28,4000,9.64
16/06/2005,28,4000,9.62
23/06/2005,28,4000,9.62
30/06/2005,28,4000,9.61
07/07/2005,28,4000,9.61
14/07/2005,28,4000,9.61
21/07/2005,28,4000,9.6
28/07/2005,28,4000,9.63
04/08/2005,28,4000,9.62
11/08/2005,28,4000,9.61
18/08/2005,28,4000,9.58
25/08/2005,28,4000,9.57
01/09/2005,28,4000,9.42
08/09/2005,28,4000,9.36
15/09/2005,28,4000,9.21
22/09/2005,28,4000,9.06
29/09/2005,28,4000,9.02
06/10/2005,28,4000,8.99
13/10/2005,28,4000,8.94
20/10/2005,28,4000,8.88
27/10/2005,28,4000,8.82
03/11/2005,28,4000,8.8
10/11/2005,28,4000,8.73
17/11/2005,28,4000,8.68
24/11/2005,28,4000,8.61
01/12/2005,28,4000,8.5
08/12/2005,28,4000,8.42
15/12/2005,28,4000,8.14
22/12/2005,28,4000,8.03
29/12/2005,28,4000,8.02
05/01/2006,28,4500,7.98
12/01/2006,28,4500,7.92
19/01/2006,28,4500,7.89
26/01/2006,28,4500,7.73
02/02/2006,28,4500,7.72
09/02/2006,28,4500,7.68
16/02/2006,28,4500,7.55
23/02/2006,28,4500,7.48
02/03/2006,28,4500,7.42
09/03/2006,28,4500,7.46
16/03/2006,27,4500,7.37
23/03/2006,28,4500,7.31
30/03/2006,28,4500,7.27
06/04/2006,28,4500,7.22
12/04/2006,29,4500,7.22
20/04/2006,28,4500,7.21
27/04/2006,28,4500,7.03
04/05/2006,28,4500,7.03
11/05/2006,28,4500,7.02
18/05/2006,28,4500,7.01
25/05/2006,28,4500,7.01
01/06/2006,28,4500,7.02
08/06/2006,28,4500,7.01
15/06/2006,28,4500,7.02
22/06/2006,28,4500,7.03
29/06/2006,28,4500,7.02
06/07/2006,28,4500,7.02
13/07/2006,28,4500,7.04
20/07/2006,28,4500,7.05
27/07/2006,28,4500,7.02
03/08/2006,28,4500,7.05
10/08/2006,28,4500,7.03
17/08/2006,28,4500,7.03
24/08/2006,28,4500,7.03
31/08/2006,28,4500,7.02
07/09/2006,28,4500,7.04
14/09/2006,28,4500,7.08
21/09/2006,28,4500,7.05
28/09/2006,28,4500,7.05
05/10/2006,27,4500,7.05
12/10/2006,28,4500,7.06
19/10/2006,28,4500,7.05
24/10/2006,,,
26/10/2006,28,4500,7.04
01/11/2006,29,4500,7.04
09/11/2006,28,4500,7.04
16/11/2006,28,4500,7.04
23/11/2006,28,4500,7.04
30/11/2006,28,4500,7.05
07/12/2006,28,4500,7.04
14/12/2006,28,4500,7.03
21/12/2006,28,4500,7.05
28/12/2006,28,4500,7.02
04/01/2007,28,4500,7.01
11/01/2007,28,4500,7.02
18/01/2007,28,4500,7.05
25/01/2007,28,4500,7.06
01/02/2007,28,4500,7.05
08/02/2007,28,4500,7.05
15/02/2007,28,4500,7.03
22/02/2007,28,4500,7.03
01/03/2007,28,4500,7.05
08/03/2007,27,4500,7.05
15/03/2007,28,4500,7.05
22/03/2007,28,4500,7.04
29/03/2007,28,4500,7.03
04/04/2007,29,4500,7.02
12/04/2007,28,4500,7
19/04/2007,28,4500,7
26/04/2007,28,4500,7
03/05/2007,28,4500,7.25
10/05/2007,28,4500,7.24
17/05/2007,28,4500,7.23
24/05/2007,28,4500,7.24
31/05/2007,28,4500,7.22
07/06/2007,28,4500,7.21
14/06/2007,28,4500,7.2
21/06/2007,28,4500,7.18
28/06/2007,28,4500,7.19
05/07/2007,28,4500,7.18
12/07/2007,28,4500,7.18
19/07/2007,28,4500,7.19
26/07/2007,28,4500,7.19
02/08/2007,28,4500,7.19
09/08/2007,28,4500,7.19
16/08/2007,28,4500,7.21
23/08/2007,28,4500,7.2
30/08/2007,28,4500,7.23
06/09/2007,28,4500,7.21
13/09/2007,28,4500,7.2
20/09/2007,28,4500,7.22
27/09/2007,28,4500,7.19
04/10/2007,28,4500,7.19
11/10/2007,28,4500,7.21
18/10/2007,28,4500,7.2
25/10/2007,28,4500,7.2
01/11/2007,28,4500,7.45
08/11/2007,28,4500,7.43
15/11/2007,28,4500,7.41
22/11/2007,28,4500,7.46
29/11/2007,28,4500,7.44
06/12/2007,28,4500,7.44
13/12/2007,28,4500,7.43
20/12/2007,28,4500,7.44
27/12/2007,28,4500,7.44
03/01/2008,28,4500,7.43
10/01/2008,28,4500,7.42
17/01/2008,28,4500,7.41
24/01/2008,28,4500,7.39
31/01/2008,28,4500,7.43
07/02/2008,28,4500,7.42
14/02/2008,28,4500,7.44
21/02/2008,27,4500,7.43
28/02/2008,28,4500,7.42
06/03/2008,28,4500,7.42
13/03/2008,28,4500,7.45
19/03/2008,29,4500,7.43
27/03/2008,28,4500,7.43
03/04/2008,27,4500,7.44
10/04/2008,28,4500,7.46
17/04/2008,28,4500,7.44
24/04/2008,28,4500,7.44
30/04/2008,29,4500,7.43
08/05/2008,28,4500,7.43
15/05/2008,28,4500,7.44
22/05/2008,28,4500,7.44
29/05/2008,28,4500,7.44
05/06/2008,28,4500,7.45
12/06/2008,28,4500,7.47
19/06/2008,28,4500,7.56
26/06/2008,28,4500,7.74
03/07/2008,28,4500,7.75
10/07/2008,28,4500,7.76
17/07/2008,28,4500,8.02
24/07/2008,28,4500,8.01
31/07/2008,28,4500,8.09
07/08/2008,28,4500,8.11
14/08/2008,28,4500,8.18
21/08/2008,28,4500,8.21
28/08/2008,28,4500,8.21
04/09/2008,28,4500,8.18
11/09/2008,28,4500,8.17
18/09/2008,28,4500,8.16
25/09/2008,28,4500,8.15
02/10/2008,28,4500,8.12
09/10/2008,28,4500,7.99
16/10/2008,28,4500,7.8
23/10/2008,28,4500,7.58
30/10/2008,28,4500,7.22
06/11/2008,28,6000,7.1
13/11/2008,28,6000,7.08
20/11/2008,28,6000,7.72
27/11/2008,27,6000,7.82
04/12/2008,27,6000,8.03
11/12/2008,28,6000,8.04
18/12/2008,28,6000,8.03
24/12/2008,29,6000,8.01
31/12/2008,29,6000,7.97
08/01/2009,28,7000,7.91
15/01/2009,28,7000,7.7
22/01/2009,28,7000,7.44
29/01/2009,28,7000,7.31
05/02/2009,28,7000,7.16
12/02/2009,28,7000,7.07
19/02/2009,28,7000,7
26/02/2009,28,7000,7.24
05/03/2009,28,7000,7.25
12/03/2009,27,7000,7.18
19/03/2009,28,7000,7.18
26/03/2009,28,7000,6.52
02/04/2009,28,7000,6.35
08/04/2009,29,8000,6.24
16/04/2009,28,8000,6.06
23/04/2009,28,8000,5.84
30/04/2009,28,8000,5.74
07/05/2009,28,8000,5.54
14/05/2009,28,8000,5.36
21/05/2009,28,8000,5.18
28/05/2009,28,8000,5.09
04/06/2009,28,8000,5.08
11/06/2009,28,8000,5.1
18/06/2009,28,8000,5.01
25/06/2009,28,8000,4.72
02/07/2009,28,8000,4.72
09/07/2009,28,8000,4.65
16/07/2009,28,8000,4.55
23/07/2009,28,8000,4.52
30/07/2009,28,8000,4.51
06/08/2009,28,8000,4.5
13/08/2009,28,8000,4.49
20/08/2009,28,8000,4.48
27/08/2009,28,8000,4.47
03/09/2009,28,8000,4.47
10/09/2009,28,8000,4.47
17/09/2009,28,8000,4.49
24/09/2009,28,8000,4.5
01/10/2009,28,8000,4.51
08/10/2009,28,8000,4.51
15/10/2009,28,8000,4.51
22/10/2009,28,8000,4.51
29/10/2009,28,8000,4.52
05/11/2009,28,8000,4.52
12/11/2009,28,8000,4.52
19/11/2009,28,8000,4.5
26/11/2009,28,8000,4.49
03/12/2009,28,8000,4.51
10/12/2009,28,8000,4.48
17/12/2009,28,8000,4.51
24/12/2009,28,8000,4.5
31/12/2009,28,8000,4.51
07/01/2010,28,8000,4.5
14/01/2010,28,8000,4.5
21/01/2010,28,8000,4.49
28/01/2010,28,8000,4.48
04/02/2010,28,8000,4.47
11/02/2010,28,8000,4.49
18/02/2010,28,8000,4.49
25/02/2010,28,8000,4.49
04/03/2010,27,8000,4.49
11/03/2010,28,8000,4.41
18/03/2010,28,8000,4.43
25/03/2010,28,8000,4.46
31/03/2010,29,8000,4.45
08/04/2010,28,8000,4.43
15/04/2010,28,8000,4.41
22/04/2010,28,8000,4.46
29/04/2010,28,8000,4.45
06/05/2010,28,8000,4.49
13/05/2010,28,8000,4.49
20/05/2010,28,8000,4.53
27/05/2010,28,8000,4.55
03/06/2010,28,8000,4.58
10/06/2010,28,8000,4.59
17/06/2010,28,8000,4.6
24/06/2010,28,8000,4.59
01/07/2010,28,8000,4.6
08/07/2010,28,6500,4.59
15/07/2010,28,6500,4.59
22/07/2010,28,6500,4.59
29/07/2010,28,6500,4.6
05/08/2010,28,6500,4.56
12/08/2010,28,6500,4.54
19/08/2010,27,6500,4.5
26/08/2010,28,6500,4.47
02/09/2010,28,6500,4.48
09/09/2010,28,6500,4.48
15/09/2010,29,6500,4.45
23/09/2010,28,6500,4.36
30/09/2010,28,6500,4.36
07/10/2010,28,4500,4.18
14/10/2010,28,4500,4.05
21/10/2010,28,4500,4.03
28/10/2010,28,4500,3.84
04/11/2010,28,4500,3.85
11/11/2010,28,4500,3.92
18/11/2010,28,4500,3.94
25/11/2010,28,4500,4.17
02/12/2010,28,4500,4.35
09/12/2010,28,4500,4.16
16/12/2010,28,4500,4.18
23/12/2010,28,4500,4.38
30/12/2010,28,4500,4.45
06/01/2011,28,4500,4.16
13/01/2011,28,4500,4.2
20/01/2011,28,4500,4.13
27/01/2011,28,4500,4.05
03/02/2011,28,4500,4.04
10/02/2011,28,4500,4.05
17/02/2011,28,4500,3.94
24/02/2011,28,4500,4.14
03/03/2011,28,4500,4.22
10/03/2011,28,4500,4.28
17/03/2011,28,4500,4.24
24/03/2011,27,4500,4.3
31/03/2011,28,4500,4.3
07/04/2011,28,5500,4.26
14/04/2011,28,5500,4.28
20/04/2011,29,5500,4.33
28/04/2011,28,5500,4.24
05/05/2011,28,5500,4.24
12/05/2011,28,5500,4.27
19/05/2011,28,5500,4.34
26/05/2011,28,5500,4.39
02/06/2011,28,5500,4.43
09/06/2011,28,5500,4.37
16/06/2011,28,5500,4.38
23/06/2011,28,5500,4.35
30/06/2011,28,5500,4.33
07/07/2011,28,5500,4.18
14/07/2011,28,5500,4.15
21/07/2011,28,5500,4.15
28/07/2011,28,5500,4.08
04/08/2011,28,5500,3.96
11/08/2011,28,5500,3.99
18/08/2011,28,5500,4.09
25/08/2011,28,5500,4.17
01/09/2011,28,5500,4.11
08/09/2011,28,5500,4.17
15/09/2011,28,5500,4.25
22/09/2011,28,5500,4.27
29/09/2011,28,5500,4.34
06/10/2011,28,6500,4.35
13/10/2011,28,6500,4.37
20/10/2011,28,6500,4.35
27/10/2011,28,6500,4.37
03/11/2011,28,6500,4.38
10/11/2011,28,6500,4.35
17/11/2011,28,6500,4.35
24/11/2011,28,6500,4.32
01/12/2011,28,6500,4.39
08/12/2011,28,6500,4.33
15/12/2011,28,6500,4.33
22/12/2011,28,6500,4.33
29/12/2011,28,6500,4.31
05/01/2012,28,10000,4.32
12/01/2012,28,10000,4.26
19/01/2012,28,6000,4.27
26/01/2012,28,6000,4.24
02/02/2012,28,6000,4.24
09/02/2012,28,6000,4.34
16/02/2012,28,6000,4.36
23/02/2012,28,6000,4.35
01/03/2012,28,7000,4.27
08/03/2012,27,7000,4.27
15/03/2012,28,7000,4.18
22/03/2012,28,7000,4.21
29/03/2012,28,7000,4.28
04/04/2012,29,7000,4.25
12/04/2012,28,7000,4.26
19/04/2012,28,7000,4.33
26/04/2012,28,7000,4.33
03/05/2012,28,7000,4.33
10/05/2012,28,7000,4.34
17/05/2012,28,7000,4.42
24/05/2012,28,7000,4.42
31/05/2012,28,7000,4.44
07/06/2012,28,7000,4.35
14/06/2012,28,7000,4.35
21/06/2012,28,7000,4.37
28/06/2012,28,7000,4.27
05/07/2012,28,10000,4.17
12/07/2012,28,10000,4.16
19/07/2012,28,6000,4.15
26/07/2012,28,6000,4.13
02/08/2012,28,6000,4.09
09/08/2012,28,6000,4.09
16/08/2012,28,6000,4.09
23/08/2012,28,6000,4.23
30/08/2012,28,7000,4.15
06/09/2012,28,7000,4.17
13/09/2012,28,7000,4.23
20/09/2012,28,7000,4.15
27/09/2012,28,7000,4.12
04/10/2012,28,7000,4.2
11/10/2012,28,7000,4.17
18/10/2012,28,7000,4.23
25/10/2012,28,7000,4.22
01/11/2012,28,7000,4.33
08/11/2012,28,7000,4.26
15/11/2012,28,7000,4.31
22/11/2012,28,7000,4.28
29/11/2012,28,7000,4.25
06/12/2012,28,7000,4.23
13/12/2012,28,7000,4.14
20/12/2012,28,7000,3.93
27/12/2012,28,7000,3.91
03/01/2013,28,5000,4.04
10/01/2013,28,5000,4.12
17/01/2013,28,5000,4.12
24/01/2013,28,5000,4.26
31/01/2013,28,5000,4.23
07/02/2013,28,5000,4.22
14/02/2013,28,5000,4.2
21/02/2013,28,5000,4.19
28/02/2013,27,5000,4.13
07/03/2013,28,5000,4.07
14/03/2013,28,5000,3.96
21/03/2013,28,5000,3.95
27/03/2013,29,5000,3.95
04/04/2013,28,6000,3.88
11/04/2013,28,6000,3.81
18/04/2013,28,6000,3.81
25/04/2013,28,6000,3.76
02/05/2013,28,6000,3.76
09/05/2013,28,6000,3.71
16/05/2013,28,6000,3.72
23/05/2013,28,6000,3.72
30/05/2013,28,6000,3.71
06/06/2013,28,6000,3.71
13/06/2013,28,6000,3.77
20/06/2013,28,6000,3.81
27/06/2013,28,6000,3.82
04/07/2013,28,6000,3.8
11/07/2013,28,6000,3.83
18/07/2013,28,6000,3.85
25/07/2013,28,6000,3.9
01/08/2013,28,6000,3.88
08/08/2013,28,6000,3.84
15/08/2013,28,6000,3.84
22/08/2013,28,6000,3.83
29/08/2013,28,6000,3.83
05/09/2013,28,6000,3.83
12/09/2013,28,6000,3.65
19/09/2013,28,6000,3.56
26/09/2013,28,6000,3.5
03/10/2013,28,6000,3.44
10/10/2013,28,6000,3.4
17/10/2013,28,6000,3.38
24/10/2013,28,6000,3.35
31/10/2013,28,6000,3.38
07/11/2013,28,6000,3.36
14/11/2013,27,6000,3.39
21/11/2013,28,7000,3.4
28/11/2013,28,7000,3.4
05/12/2013,28,7000,3.38
11/12/2013,29,7000,3.34
19/12/2013,28,7000,3.27
26/12/2013,28,7000,3.18
02/01/2014,28,7000,3.16
09/01/2014,28,7000,3.17
16/01/2014,28,7000,3.05
23/01/2014,28,7000,3.13
30/01/2014,28,7000,3.18
06/02/2014,28,7000,3.18
13/02/2014,28,7000,3.16
20/02/2014,28,7000,3.14
27/02/2014,28,7000,3.15
06/03/2014,28,7000,3.16
13/03/2014,28,7000,3.14
20/03/2014,27,7000,3.19
27/03/2014,28,7000,3.19
03/04/2014,27,6000,3.22
10/04/2014,28,6000,3.2
16/04/2014,29,6000,3.22
24/04/2014,28,6000,3.25
30/04/2014,29,6000,3.25
08/05/2014,28,6000,3.25
15/05/2014,28,6000,3.26
22/05/2014,28,6000,3.28
29/05/2014,28,6000,3.31
05/06/2014,28,6000,3.29
12/06/2014,28,6000,2.92
19/06/2014,28,6000,2.95
26/06/2014,28,6000,2.9
03/07/2014,28,5500,2.85
10/07/2014,28,5500,2.85
17/07/2014,28,5500,2.84
24/07/2014,28,5500,2.82
31/07/2014,28,5500,2.8
07/08/2014,28,5500,2.78
14/08/2014,28,5500,2.77
21/08/2014,28,5500,2.76
28/08/2014,28,5500,2.76
04/09/2014,28,5500,2.76
11/09/2014,28,5500,2.84
18/09/2014,28,5500,2.86
25/09/2014,28,5500,2.86
02/10/2014,28,5500,2.85
09/10/2014,28,5500,2.86
16/10/2014,28,5500,2.96
23/10/2014,28,5500,2.93
30/10/2014,28,5500,2.9
06/11/2014,28,5500,2.91
13/11/2014,28,5500,2.9
20/11/2014,28,5500,2.83
27/11/2014,27,7000,2.76
04/12/2014,27,7000,2.84
11/12/2014,28,7000,2.85
18/12/2014,28,7000,2.84
24/12/2014,29,5500,2.78
31/12/2014,29,5500,2.74
08/01/2015,28,5500,2.43
15/01/2015,28,5500,2.79
22/01/2015,28,5500,2.72
29/01/2015,28,5500,2.75
05/02/2015,28,5500,2.74
12/02/2015,28,5500,2.78
19/02/2015,28,5500,2.83
26/02/2015,28,5500,2.9
05/03/2015,27,5500,3.01
12/03/2015,28,5500,3.05
19/03/2015,28,5500,3.04
26/03/2015,28,5500,3.05
01/04/2015,29,5500,3.02
09/04/2015,28,5500,3.02
16/04/2015,28,5500,3
23/04/2015,28,5500,2.96
30/04/2015,28,5500,2.85
07/05/2015,28,5500,2.98
14/05/2015,28,5500,2.97
21/05/2015,28,5500,2.99
28/05/2015,28,5500,2.99
04/06/2015,28,5500,2.97
11/06/2015,28,5500,2.96
18/06/2015,28,5500,2.94
25/06/2015,28,5500,2.98
02/07/2015,28,5500,3
09/07/2015,28,5500,2.96
16/07/2015,28,5500,2.96
23/07/2015,28,5500,3.01
30/07/2015,28,5500,3.01
06/08/2015,28,5500,3.02
13/08/2015,28,5500,3.01
20/08/2015,28,5500,3.02
27/08/2015,28,5500,3.12
03/09/2015,28,5500,3.09
10/09/2015,28,5500,3.11
17/09/2015,28,5500,3.18
24/09/2015,28,5500,3.02
01/10/2015,28,5500,3.02
08/10/2015,28,5500,2.98
15/10/2015,28,5500,3
22/10/2015,28,5500,3.04
29/10/2015,28,5500,3.05
05/11/2015,28,5500,3.03
12/11/2015,28,5500,3
19/11/2015,28,5500,3
26/11/2015,28,5500,3.03
03/12/2015,28,5500,3.11
10/12/2015,28,5500,3.2
17/12/2015,28,5500,3.2
24/12/2015,28,5500,3.15
31/12/2015,28,5500,3.05
07/01/2016,28,5500,3.05
14/01/2016,28,5500,3.05
21/01/2016,28,5500,3.09
28/01/2016,28,5500,3.14
04/02/2016,28,5500,3.16
11/02/2016,28,5500,3.2
18/02/2016,28,5500,3.23
25/02/2016,27,5500,3.85
03/03/2016,28,5500,3.88
10/03/2016,28,5500,3.78
17/03/2016,28,5500,3.8
23/03/2016,29,5500,3.78
31/03/2016,28,5500,3.76
07/04/2016,28,5500,3.73
14/04/2016,28,5500,3.74
21/04/2016,28,5500,3.74
28/04/2016,28,5500,3.76
05/05/2016,28,5500,3.77
12/05/2016,28,5500,3.77
19/05/2016,28,5500,3.81
26/05/2016,28,5500,3.9
02/06/2016,28,5500,3.8
09/06/2016,28,5500,3.78
16/06/2016,28,5500,3.83
23/06/2016,28,5500,3.76
30/06/2016,28,5500,3.86
07/07/2016,28,5500,4.23
14/07/2016,28,5500,4.19
21/07/2016,28,5500,4.21
28/07/2016,28,5500,4.21
04/08/2016,28,5500,4.22
11/08/2016,28,5500,4.22
18/08/2016,28,5500,4.27
25/08/2016,28,5500,4.23
01/09/2016,28,5500,4.29
08/09/2016,28,5500,4.23
15/09/2016,28,5500,4.22
22/09/2016,28,5500,4.27
29/09/2016,28,5500,4.41
06/10/2016,28,5500,4.7
13/10/2016,28,5500,4.7
20/10/2016,28,5500,4.67
27/10/2016,28,5500,4.68
03/11/2016,28,5500,4.75
10/11/2016,28,5500,4.81
17/11/2016,28,7000,5.56
24/11/2016,28,7000,5.48
01/12/2016,28,7000,5.62
08/12/2016,28,7000,5.59
15/12/2016,28,7000,5.51
22/12/2016,28,7000,5.65
29/12/2016,28,7000,5.69
05/01/2017,28,9000,5.82
12/01/2017,28,9000,5.87
19/01/2017,28,7000,5.86
26/01/2017,28,6000,5.77
02/02/2017,28,6000,5.88
09/02/2017,28,6000,5.9
16/02/2017,28,6000,6.21
23/02/2017,28,7000,6.24
02/03/2017,28,7000,6.25
09/03/2017,28,7000,6.29
16/03/2017,27,7000,6.3
23/03/2017,28,7000,6.32
30/03/2017,28,7000,6.43
06/04/2017,28,7000,6.48
12/04/2017,29,7000,6.54
20/04/2017,28,7000,6.47
27/04/2017,28,7000,6.5
04/05/2017,28,7000,6.5
11/05/2017,28,7000,6.49
18/05/2017,28,7000,6.53
25/05/2017,28,7000,6.71
01/06/2017,28,7000,6.72
08/06/2017,28,7000,6.74
15/06/2017,28,7000,6.79
22/06/2017,28,7000,6.87
29/06/2017,28,7000,6.96
06/07/2017,28,7000,7
13/07/2017,28,7000,6.98
20/07/2017,28,7000,6.99
27/07/2017,28,7000,6.99
03/08/2017,28,7000,6.99
10/08/2017,28,7000,6.96
17/08/2017,28,7000,6.91
24/08/2017,28,7000,6.92
31/08/2017,28,7000,6.91
07/09/2017,28,7000,6.98
14/09/2017,28,7000,6.98
21/09/2017,28,7000,6.98
28/09/2017,28,7000,7
05/10/2017,27,7000,7.03
12/10/2017,28,7000,7.03
19/10/2017,28,7000,7.04
26/10/2017,28,7000,7.02
01/11/2017,29,7000,7.03
09/11/2017,28,7000,7.02
16/11/2017,28,7000,7.01
23/11/2017,28,7000,7.02
30/11/2017,28,7000,7.01
07/12/2017,28,7000,7.02
14/12/2017,28,7000,7.19
21/12/2017,28,7000,7.24
28/12/2017,28,7000,7.22
04/01/2018,28,11000,7.25
11/01/2018,28,11000,7.24
18/01/2018,28,10500,7.24
25/01/2018,28,10000,7.25
01/02/2018,28,9500,7.24
08/02/2018,28,9000,7.35
15/02/2018,28,8500,7.5
22/02/2018,28,8000,7.49
01/03/2018,27,7500,7.47
08/03/2018,28,7000,7.5
15/03/2018,28,7000,7.46
22/03/2018,28,7000,7.44
28/03/2018,29,7000,7.49
05/04/2018,28,7000,7.46
12/04/2018,28,7000,7.47
19/04/2018,28,7000,7.45
26/04/2018,28,7000,7.45
03/05/2018,28,7000,7.47
10/05/2018,28,7000,7.52
17/05/2018,28,7000,7.58
24/05/2018,28,7000,7.51
31/05/2018,28,7000,7.48
07/06/2018,28,7000,7.51
14/06/2018,28,11000,7.62
21/06/2018,28,9000,7.71
28/06/2018,28,7000,7.7
05/07/2018,28,7000,7.72
12/07/2018,28,10000,7.74
19/07/2018,28,7000,7.74
26/07/2018,28,7000,7.72
02/08/2018,28,7000,7.74
09/08/2018,28,7000,7.74
16/08/2018,28,7000,7.74
23/08/2018,28,7000,7.71
30/08/2018,28,7000,7.72
06/09/2018,28,7000,7.7
13/09/2018,28,7000,7.7
20/09/2018,28,7000,7.69
27/09/2018,28,7000,7.65
04/10/2018,28,7000,7.67
11/10/2018,28,7000,7.7
18/10/2018,28,7000,7.65
25/10/2018,28,7000,7.72
01/11/2018,28,7000,7.76
08/11/2018,28,7000,7.71
15/11/2018,28,7000,7.79
22/11/2018,28,7000,7.94
29/11/2018,28,7000,7.97
06/12/2018,28,7000,7.95
13/12/2018,28,7000,7.97
20/12/2018,28,6000,8
27/12/2018,28,6000,8.17
03/01/2019,28,6000,8.06
10/01/2019,28,6000,8
17/01/2019,28,6000,7.91
24/01/2019,28,5000,7.91
31/01/2019,28,5000,7.86
07/02/2019,28,5000,7.9
14/02/2019,28,5000,7.88
21/02/2019,28,5000,7.85
28/02/2019,28,5000,8.1
07/03/2019,28,5000,8
14/03/2019,28,5000,8.09
21/03/2019,27,5000,8.15
28/03/2019,28,5000,7.85
04/04/2019,28,5000,7.8
11/04/2019,28,5000,7.76
17/04/2019,29,5000,7.81
25/04/2019,28,5000,7.75
02/05/2019,28,5000,8.2
09/05/2019,28,5000,8.02
16/05/2019,28,5000,8.05
23/05/2019,28,6000,8.03
30/05/2019,28,7000,8.05
06/06/2019,28,9000,8.3
13/06/2019,28,8000,8.28
20/06/2019,28,6000,8.24
27/06/2019,28,6000,8.18
04/07/2019,28,7000,8.1
11/07/2019,28,7000,8.17
18/07/2019,28,6000,8.13
25/07/2019,28,6000,8.15
01/08/2019,28,6000,8.01
08/08/2019,28,6000,8.15
15/08/2019,28,6000,8.05
22/08/2019,28,6000,7.96
29/08/2019,28,6000,7.87
05/09/2019,28,6000,7.81
12/09/2019,28,6000,7.72
19/09/2019,28,6000,7.72
26/09/2019,28,6000,7.61
03/10/2019,28,6000,7.65
10/10/2019,28,6000,7.7
17/10/2019,28,6000,7.67
24/10/2019,28,6000,7.65
31/10/2019,28,6000,7.62
07/11/2019,28,6000,7.55
14/11/2019,27,6000,7.45
21/11/2019,28,6000,7.43
28/11/2019,28,6000,7.46
05/12/2019,28,5000,7.4
11/12/2019,29,5000,7.04
19/12/2019,28,5000,6.8
26/12/2019,28,6000,7.25
02/01/2020,28,8000,7.25
09/01/2020,28,11000,7.26
16/01/2020,28,5000,7
23/01/2020,28,5000,7.05
30/01/2020,28,5000,7.04
06/02/2020,28,5000,6.99
13/02/2020,28,5000,7
20/02/2020,28,5000,6.95
27/02/2020,28,5000,6.91
05/03/2020,28,5000,6.7
12/03/2020,27,5000,6.81
19/03/2020,28,6000,7.15
26/03/2020,28,6000,6.59
02/04/2020,28,6000,6.39
08/04/2020,29,6000,6.23
16/04/2020,28,6000,6
23/04/2020,28,6000,6
30/04/2020,28,6000,5.84
07/05/2020,28,6000,5.7
14/05/2020,28,6000,5.39
21/05/2020,28,14000,5.39
28/05/2020,28,14000,5.38
04/06/2020,28,10000,5.27
11/06/2020,28,5000,5.15
18/06/2020,28,5000,4.98
25/06/2020,28,5000,4.85
02/07/2020,28,5000,4.81
09/07/2020,28,5000,4.95
16/07/2020,28,5000,4.9
23/07/2020,28,5000,4.8
30/07/2020,28,5000,4.63
06/08/2020,28,5000,4.53
13/08/2020,28,5000,4.48
20/08/2020,28,5000,4.43
27/08/2020,28,5000,4.5
03/09/2020,28,5000,4.42
10/09/2020,28,5000,4.41
17/09/2020,28,5000,4.45
24/09/2020,28,5000,4.25
01/10/2020,28,5000,4.18
08/10/2020,28,5000,4.26
15/10/2020,28,5000,4.22
22/10/2020,28,5000,4.14
29/10/2020,28,5000,4.22
05/11/2020,28,5000,4.25
12/11/2020,28,5000,4.14
19/11/2020,28,7500,4.24
26/11/2020,28,7500,4.28
03/12/2020,28,7500,4.35
10/12/2020,28,5000,4.26
17/12/2020,28,5000,4.23
24/12/2020,28,5000,4.27
31/12/2020,28,5000,4.24
07/01/2021,28,5000,4.28
14/01/2021,28,5000,4.19
21/01/2021,28,5000,4.19
28/01/2021,28,5000,4.22
04/02/2021,28,5000,4.24
11/02/2021,28,5000,4.19
18/02/2021,28,5000,4.01
25/02/2021,28,5000,4.02
04/03/2021,27,5000,4.06
11/03/2021,28,5000,4.05
18/03/2021,28,5000,4.05
25/03/2021,28,5000,4.03
31/03/2021,29,5000,4.08
08/04/2021,28,5000,4.07
15/04/2021,28,5000,4.07
22/04/2021,28,5000,4.06
29/04/2021,28,5000,4.06
06/05/2021,28,5000,4.07
13/05/2021,28,5000,4.06
20/05/2021,28,5000,4.05
27/05/2021,28,5000,4.07
03/06/2021,28,5000,4.02
10/06/2021,28,5000,4.04
17/06/2021,28,5000,4
24/06/2021,28,5000,4.03
01/07/2021,28,10000,4.3
08/07/2021,28,10000,4.3
15/07/2021,28,10000,4.3
22/07/2021,28,10000,4.33
29/07/2021,28,5000,4.35
05/08/2021,28,5000,4.33
12/08/2021,28,5000,4.5
19/08/2021,27,5000,4.5
26/08/2021,28,5000,4.49
02/09/2021,28,5000,4.39
09/09/2021,28,5000,4.49
15/09/2021,29,5000,4.6
23/09/2021,28,5000,4.58
30/09/2021,28,5000,4.69
07/10/2021,28,5000,4.81
14/10/2021,28,5000,4.79
21/10/2021,28,5000,4.83
28/10/2021,28,6000,4.93
04/11/2021,28,5000,5
11/11/2021,28,5000,5.14
16/11/2021,,,
18/11/2021,28,5000,5
25/11/2021,28,5000,5.05
02/12/2021,28,5000,5.1
09/12/2021,28,5000,5.2
16/12/2021,28,5000,5.2
23/12/2021,28,8200,5.45
30/12/2021,28,8200,5.49
06/01/2022,28,20000,5.51
13/01/2022,28,20000,5.52
20/01/2022,28,10000,5.57
27/01/2022,28,7500,5.5
03/02/2022,28,5000,5.84
10/02/2022,28,5000,5.75
17/02/2022,28,5000,5.95
24/02/2022,28,5000,5.94
03/03/2022,28,5000,6.06
10/03/2022,28,5000,6.15
17/03/2022,27,5000,6.33
24/03/2022,28,5000,6.49
31/03/2022,28,10000,6.52
07/04/2022,28,15000,6.52
13/04/2022,29,5000,6.52
21/04/2022,28,5000,6.5
28/04/2022,28,5000,6.68
05/05/2022,28,5000,6.85
12/05/2022,28,5000,6.97
19/05/2022,28,5000,6.93
26/05/2022,28,5000,6.9
02/06/2022,28,5000,7.01
09/06/2022,28,15000,7.32
16/06/2022,28,5000,7.15
23/06/2022,28,5000,7.5
30/06/2022,28,5000,7.56
07/07/2022,28,7500,7.7
14/07/2022,28,7500,7.55
21/07/2022,28,7500,7.74
28/07/2022,28,7500,8.05
04/08/2022,28,7500,8.01
11/08/2022,28,7500,8.3
18/08/2022,28,7500,8.35
25/08/2022,28,7500,8.35
01/09/2022,28,7500,8.35
08/09/2022,28,7500,8.55
15/09/2022,28,7500,8.75
22/09/2022,28,7500,8.61
29/09/2022,28,7500,9.25
06/10/2022,28,5000,9
13/10/2022,28,5000,8.9
20/10/2022,28,5000,8.8
27/10/2022,28,5000,9
03/11/2022,28,5000,9.4
10/11/2022,28,5000,9.19
17/11/2022,28,7500,9.37
24/11/2022,28,5000,9.7
01/12/2022,28,5000,9.68
08/12/2022,28,5000,10
15/12/2022,28,5000,9.8
22/12/2022,28,5000,10.2
29/12/2022,28,5000,10.1
05/01/2023,28,15000,10.49
12/01/2023,28,15000,10.46
19/01/2023,28,12500,10.7
26/01/2023,28,12500,10.8
02/02/2023,28,12500,10.78
09/02/2023,28,12500,10.82
16/02/2023,28,12500,11.05
23/02/2023,28,12500,11.04
02/03/2023,28,20000,11.05
09/03/2023,27,20000,11.19
16/03/2023,28,20000,11.3
23/03/2023,28,17500,11.28
30/03/2023,28,17500,11.34
05/04/2023,29,15000,11.28
13/04/2023,28,13000,11.3
20/04/2023,28,13000,11.3
27/04/2023,28,13000,11.27
04/05/2023,28,17500,11.4
11/05/2023,28,12000,11.39
18/05/2023,28,8000,11.25
25/05/2023,28,8000,11.25
01/06/2023,28,8000,11.2
08/06/2023,28,8000,11.32
15/06/2023,28,8000,11.15
22/06/2023,28,8000,11.09
29/06/2023,28,8000,11.02
06/07/2023,28,8500,11.3
13/07/2023,28,8500,11.29
20/07/2023,28,8500,11.18
27/07/2023,28,8500,11.09
03/08/2023,28,8500,11.28
10/08/2023,28,8500,11.25
17/08/2023,28,8500,11.26
24/08/2023,28,8500,10.96
31/08/2023,28,8500,11.07
07/09/2023,28,8500,11
14/09/2023,28,8500,11.25
21/09/2023,28,8500,11
28/09/2023,28,8500,11.05
05/10/2023,27,8500,11.05
12/10/2023,28,8500,11.05
19/10/2023,28,8500,10.95
26/10/2023,28,8500,11.26
01/11/2023,29,8500,11.09
09/11/2023,28,8500,10.95
16/11/2023,28,8500,10.87
23/11/2023,28,8500,10.75
30/11/2023,28,8500,10.78
07/12/2023,28,8500,11.25
14/12/2023,28,8500,11.25
21/12/2023,28,6000,11.09
28/12/2023,28,8500,11.26
04/01/2024,28,15000,11.3
11/01/2024,28,15000,11.28
18/01/2024,28,10000,11.3
25/01/2024,28,10000,11.28
01/02/2024,28,10000,11.15
08/02/2024,28,10000,11.06
15/02/2024,28,10000,11.05
22/02/2024,28,10000,11
29/02/2024,27,10000,11
07/03/2024,28,10000,11
14/03/2024,28,18000,11.18
21/03/2024,28,10000,10.99
27/03/2024,29,10000,10.9
04/04/2024,28,10000,10.88
11/04/2024,28,10000,10.92
18/04/2024,28,10000,11.04
25/04/2024,28,10000,11.04
02/05/2024,28,10000,10.95
09/05/2024,28,10000,11.03
16/05/2024,28,10000,10.95
23/05/2024,28,10000,11
30/05/2024,28,10000,11.03
06/06/2024,28,10000,11.04
13/06/2024,28,10000,11
20/06/2024,28,10000,10.95
27/06/2024,28,10000,10.88
04/07/2024,28,10000,11.02
11/07/2024,28,10000,10.9
18/07/2024,28,10000,10.89
25/07/2024,28,10000,10.87
01/08/2024,28,10000,10.97
08/08/2024,28,10000,10.86
15/08/2024,28,10000,10.65
22/08/2024,28,10000,10.65
29/08/2024,28,10000,10.65
05/09/2024,28,10000,10.51
12/09/2024,28,10000,10.49
19/09/2024,28,10000,10.4
26/09/2024,28,10000,10.35
03/10/2024,28,10000,10.3
10/10/2024,28,10000,10.3
17/10/2024,28,10000,10.21
24/10/2024,28,10000,10.2
31/10/2024,28,10000,10.2
07/11/2024,28,10000,10.1
